{
  "accuracy": 0.8228205610996046,
  "precision": 0.8413491567770144,
  "recall": 0.8615286216821234,
  "f1_score": 0.8513193237478275,
  "roc_auc": 0.9050341847151888
}